Title,Author,Genre,Year Published,Summary
To Kill a Mockingbird,Harper Lee,Fiction,1960,"A coming-of-age story set in the American South, dealing with issues of race, class, and morality."
1984,George Orwell,Dystopian,1949,"A totalitarian regime uses surveillance, censorship, and propaganda to maintain control over the populace."
Pride and Prejudice,Jane Austen,Romance,1813,A classic tale of love and misunderstandings between Elizabeth Bennet and Mr. Darcy.
The Great Gatsby,F. Scott Fitzgerald,Tragedy,1925,"A story of wealth, love, and the American Dream, centered around the enigmatic Jay Gatsby."
Moby Dick,Herman Melville,Adventure,1851,The obsessive quest of Captain Ahab for revenge against the white whale Moby Dick.
War and Peace,Leo Tolstoy,Historical Fiction,1869,"A detailed chronicle of Russian society during the Napoleonic Era, focusing on five aristocratic families."
Brave New World,Aldous Huxley,Science Fiction,1932,A future society where people are genetically engineered and controlled through pleasure and conditioning.
The Catcher in the Rye,J.D. Salinger,Fiction,1951,"A teenager, Holden Caulfield, navigates the challenges of adolescence and identity in New York City."
The Lord of the Rings: The Fellowship of the Ring,J.R.R. Tolkien,Fantasy,1954,The first part of an epic tale of a young hobbit’s journey to destroy a powerful ring.
Crime and Punishment,Fyodor Dostoevsky,Psychological Fiction,1866,The moral dilemmas faced by a young man who commits murder and grapples with guilt and redemption.
The Hobbit,J.R.R. Tolkien,Fantasy,1937,A hobbit named Bilbo Baggins embarks on an unexpected adventure with a group of dwarves.
The Adventures of Huckleberry Finn,Mark Twain,Adventure,1884,"A boy and a runaway slave travel down the Mississippi River, facing societal challenges and moral dilemmas."
Jane Eyre,Charlotte Brontë,Gothic Romance,1847,An orphaned girl faces hardships and overcomes obstacles to find love and independence.
Wuthering Heights,Emily Brontë,Gothic Fiction,1847,A tale of passionate but doomed love set on the Yorkshire moors.
Frankenstein,Mary Shelley,Science Fiction,1818,"A scientist creates a sentient being, leading to tragic consequences for both creator and creature."
The Grapes of Wrath,John Steinbeck,Historical Fiction,1939,The struggles of a poor family migrating from the Dust Bowl to California during the Great Depression.
The Alchemist,Paulo Coelho,Fantasy/Adventure,1988,A shepherd boy’s journey to find a hidden treasure teaches him about life and following his dreams.
The Picture of Dorian Gray,Oscar Wilde,Gothic Fiction,1890,A young man’s portrait ages and bears the marks of his sins while he remains youthful and unmarked.
Harry Potter and the Sorcerer's Stone,J.K. Rowling,Fantasy,1997,A young boy discovers he is a wizard and begins his education at Hogwarts School of Witchcraft and Wizardry.
The Road,Cormac McCarthy,Post-apocalyptic,2006,"A father and son journey through a bleak, desolate world, struggling to survive."
One Hundred Years of Solitude,Gabriel García Márquez,Magical Realism,1967,"The epic tale of the Buendía family in the fictional town of Macondo, blending reality with the fantastical."
Anna Karenina,Leo Tolstoy,Tragedy,1877,"The tragic story of a married woman’s affair with a count, set against the backdrop of Russian society."
The Brothers Karamazov,Fyodor Dostoevsky,Philosophical Fiction,1880,"A deep exploration of faith, doubt, and morality through the story of three brothers and their father’s murder."
Dracula,Bram Stoker,Gothic Horror,1897,"The story of Count Dracula’s attempt to move from Transylvania to England, and the efforts to stop him."
The Stranger,Albert Camus,Existential Fiction,1942,A novel about an indifferent man who commits murder and faces the absurdity of life and justice.
Lolita,Vladimir Nabokov,Psychological Fiction,1955,The controversial story of a middle-aged man’s obsession with a 12-year-old girl.
Beloved,Toni Morrison,Historical Fiction,1987,"The haunting story of a runaway slave and the ghost of her dead daughter, exploring the legacy of slavery."
Catch-22,Joseph Heller,Satire,1961,"A satirical take on war and bureaucracy, centered around a group of American bomber pilots in WWII."
Slaughterhouse-Five,Kurt Vonnegut,Science Fiction,1969,"The surreal experiences of a soldier who becomes “unstuck in time,” experiencing events out of sequence."
Fahrenheit 451,Ray Bradbury,Dystopian,1953,"A future society where books are banned and “firemen” burn them, focusing on one man’s awakening."
Middlemarch,George Eliot,Historical Fiction,1871,"A sprawling study of provincial life in 19th-century England, focusing on social and political issues."
Don Quixote,Miguel de Cervantes,Adventure,1605,"The story of an aging man who, inspired by tales of chivalry, sets out as a knight to revive chivalry."
The Divine Comedy,Dante Alighieri,Epic Poetry,1320,"A spiritual journey through Hell, Purgatory, and Paradise, representing the soul’s path to God."
The Metamorphosis,Franz Kafka,Absurdist Fiction,1915,"A man wakes up one morning to find himself transformed into a giant insect, facing alienation and despair."
The Handmaid's Tale,Margaret Atwood,Dystopian,1985,"A future society where women are subjugated, focusing on the life of a “handmaid” used for reproduction."
The Old Man and the Sea,Ernest Hemingway,Literary Fiction,1952,The story of an old Cuban fisherman’s epic struggle to catch a giant marlin and his battle with the sea.
Ulysses,James Joyce,Modernist Fiction,1922,"A day in the life of Leopold Bloom in Dublin, paralleling Homer’s Odyssey in a stream-of-consciousness style."
Heart of Darkness,Joseph Conrad,Novella,1899,A journey into the African Congo becomes a metaphorical exploration of colonialism and the human psyche.
Great Expectations,Charles Dickens,Bildungsroman,1861,"The story of an orphan named Pip and his growth, experiences, and moral development in Victorian England."
Madame Bovary,Gustave Flaubert,Literary Fiction,1857,"The story of a doctor's wife who, dissatisfied with her provincial life, seeks escape through affairs and luxury."
A Tale of Two Cities,Charles Dickens,Historical Fiction,1859,"A story of love, sacrifice, and redemption set against the backdrop of the French Revolution."
The Count of Monte Cristo,Alexandre Dumas,Adventure,1844,A man wrongfully imprisoned escapes and seeks revenge against those who betrayed him.
The Sound and the Fury,William Faulkner,Southern Gothic,1929,"A complex, multi-perspective narrative about the decline of the Compson family in the American South."
The Sun Also Rises,Ernest Hemingway,Modernist Fiction,1926,"A post-WWI story of a group of expatriates in Europe, exploring themes of love, loss, and disillusionment."
A Passage to India,E.M. Forster,Historical Fiction,1924,"The tensions between the British and Indians during the British Raj, exploring race, religion, and friendship."
Gulliver’s Travels,Jonathan Swift,Satire,1726,"The adventures of Lemuel Gulliver in strange lands, satirizing human nature and society."
Gone with the Wind,Margaret Mitchell,Historical Fiction,1936,"The story of Scarlett O’Hara, a Southern belle, during the American Civil War and Reconstruction."
Rebecca,Daphne du Maurier,Gothic Fiction,1938,"A young bride is haunted by the legacy of her husband’s first wife, Rebecca, at the mysterious Manderley estate."
The Scarlet Letter,Nathaniel Hawthorne,Historical Fiction,1850,A woman in Puritan New England is shunned and forced to wear a scarlet “A” for adultery.
The Catch-22,Joseph Heller,Satire,1961,A satirical look at the absurdities of war through the experiences of a WWII bomber squadron.
